ID,Bandwidth
0,83.322
1,83.88125
2,83.598
3,83.2635
4,80.06238095238095
5,83.5565
6,83.535
7,85.51435897435897
8,82.7875
