ID,Bandwidth
0,85.87272727272727
1,81.67272727272727
2,85.57272727272726
3,85.44545454545454
4,85.43636363636364
5,85.55454545454546
6,85.65454545454546
7,85.49090909090908
8,85.58181818181818
